Time (s),Motion
0.0,0.47332475
1.0,0.64168566
2.0,1.100323
3.0,1.412
4.0,5.055563
5.0,4.717406
6.0,0.5656384
7.0,0.008151066
8.0,0.003971822
9.0,4.0299673
10.0,1.817167
11.0,3.9060807
12.0,1.2590892
13.0,1.6308587
14.0,4.7252736
15.0,5.8086705
16.0,0.17000419
17.0,0.21370283
18.0,0.20190625
19.0,0.2016977
20.0,5.218813
21.0,0.34928957
22.0,5.644567
23.0,0.02069688
24.0,0.41729718
25.0,4.6228127
26.0,0.08916029
27.0,0.07580391
28.0,0.08489374
29.0,0.0902361
30.0,0.10922321
31.0,0.12795518
32.0,3.3006837
33.0,14.708223
34.0,6.6838527
35.0,5.451173
36.0,1.8421528
37.0,0.78019845
38.0,0.24778625
39.0,3.6024065
40.0,2.6847472
41.0,0.9436416
42.0,5.9272127
43.0,0.18317898
44.0,4.4403596
45.0,0.05263095
46.0,0.023149777
47.0,0.034492172
48.0,0.021763537
49.0,0.055560075
50.0,0.033039905
51.0,0.086012185
52.0,0.032822307
53.0,0.14576018
54.0,0.043868035
55.0,0.14097355
56.0,1.0799448
57.0,0.94613075
58.0,0.017362662
59.0,0.027533589
60.0,0.03106784
61.0,0.04623722
62.0,0.10634695
63.0,0.13301302
64.0,6.0359316
65.0,2.9476395
66.0,0.0788536
67.0,0.011538189
68.0,0.07716721
69.0,9.31616
70.0,8.792506
71.0,3.19007
72.0,4.3335843
73.0,0.12073975
74.0,0.6803848
75.0,3.8766716
76.0,2.4471362
77.0,0.94190526
78.0,1.7059973
79.0,2.8961213
80.0,2.903685
81.0,1.786793
82.0,5.2455897
83.0,5.94178
84.0,3.7571447
85.0,5.762265
86.0,0.32300273
87.0,3.7429993
88.0,0.9065965
89.0,0.43733507
90.0,0.15949342
91.0,0.026958821
92.0,9.087341
93.0,5.0519285
94.0,3.9608378
95.0,0.13831949
96.0,1.1378714
97.0,1.3571078
98.0,7.0310683
99.0,5.7748632
100.0,4.3834376
101.0,3.3705819
102.0,2.0634525
103.0,1.9802029
104.0,3.255369
105.0,3.5932462
106.0,3.6942253
107.0,2.6064684
108.0,3.7347288
109.0,7.2265515
110.0,9.078228
111.0,3.4851263
112.0,4.2381144
113.0,3.2948613
114.0,6.2410345
115.0,5.504952
116.0,4.868093
117.0,3.24895
118.0,1.2611518
119.0,1.9919628
120.0,3.4905577
121.0,4.572027
122.0,8.523683
123.0,8.28988
124.0,6.0156364
125.0,6.0365853
126.0,7.6162634
127.0,5.0050445
128.0,0.36021572
129.0,3.6882555
130.0,4.88195
131.0,2.5983934
132.0,3.670252
133.0,5.3745556
134.0,4.683107
135.0,3.4306698
136.0,3.852446
137.0,3.6184883
138.0,1.5489699
139.0,1.3591135
140.0,3.5220134
141.0,3.841473
142.0,1.5232662
143.0,1.6626571
144.0,1.7063919
145.0,1.554581
146.0,3.6457136
147.0,2.0878038
148.0,0.42562145
149.0,2.3371296
150.0,4.0057874
151.0,5.548927
152.0,4.3687696
153.0,3.0564325
154.0,0.4077972
155.0,2.0158403
156.0,2.253965
157.0,2.886853
158.0,3.5824718
159.0,1.4008117
160.0,3.18049
161.0,5.8929687
162.0,6.102275
163.0,5.216411
164.0,3.6918075
165.0,5.539414
166.0,5.079805
167.0,2.8939435
168.0,6.8088923
169.0,9.800548
170.0,6.6943684
171.0,2.3429675
172.0,2.769344
173.0,5.4425983
174.0,7.6883807
175.0,7.0477257
176.0,7.2878327
177.0,5.408245
178.0,1.9582953
179.0,1.0855477
180.0,0.0
181.0,0.00013983717
182.0,1.7154453
183.0,5.2343507
184.0,5.088251
185.0,5.961828
186.0,0.90222913
187.0,1.7677226
188.0,0.44761804
189.0,0.53657377
190.0,0.8867687
191.0,1.0286843
192.0,1.6932521
193.0,0.6017133
194.0,6.608584
195.0,0.0054353233
196.0,5.460012
197.0,4.218681
198.0,4.171344
199.0,4.72971
200.0,4.1155744
201.0,4.3395042
202.0,4.149161
203.0,3.4243445
204.0,3.723523
205.0,3.6760595
206.0,2.2833033
207.0,2.2450397
208.0,3.146647
209.0,0.010612174
210.0,1.6941309
211.0,3.9383633
212.0,2.801541
213.0,2.620466
214.0,0.014702706
215.0,0.07926828
216.0,0.16399436
217.0,4.4780326
218.0,5.973942
219.0,3.247715
220.0,0.9319225
221.0,1.4289967
222.0,4.3279624
223.0,2.835355
224.0,0.06992535
225.0,0.008142919
226.0,0.004223739
227.0,4.8635635
228.0,6.7491317
229.0,6.657783
230.0,6.786877
231.0,6.9609427
232.0,4.6625504
233.0,5.388194
234.0,1.5154305
235.0,0.09611735
236.0,3.7324905
237.0,0.1497306
238.0,1.8005222
239.0,1.209125
240.0,0.20589976
241.0,0.13328002
242.0,0.5176285
243.0,1.3432367
244.0,2.0090296
245.0,2.636141
246.0,3.1332521
247.0,4.0309863
248.0,8.285412
249.0,5.2239814
250.0,2.2823894
251.0,1.2593055
252.0,1.6628567
253.0,2.0240192
254.0,1.9997857
255.0,2.2137134
256.0,2.2259378
257.0,2.0532877
258.0,0.009177719
259.0,0.77758956
260.0,0.39506903
261.0,5.119735
262.0,2.3317742
263.0,1.1910247
264.0,1.2666163
265.0,1.3564551
266.0,4.132189
267.0,4.6796956
268.0,2.318684
269.0,3.5986059
270.0,3.2592084
271.0,8.549183
272.0,5.9221344
273.0,6.276794
274.0,5.0703826
275.0,7.103594
276.0,17.348335
277.0,9.594969
278.0,3.4889438
279.0,5.7108016
280.0,5.7983103
281.0,4.2601476
282.0,3.7036748
283.0,2.743449
284.0,1.2836483
285.0,1.5112182e-07
286.0,1.6247398
287.0,3.554381
288.0,3.1717498
289.0,3.6133657
290.0,2.2090032
291.0,6.798602
292.0,0.106803946
293.0,7.3692226
294.0,4.5357656
295.0,1.3333962
296.0,1.5524112
297.0,5.676434
298.0,6.63497
299.0,4.7337813
300.0,3.032937
301.0,6.774978
302.0,4.4047384
303.0,0.6602264
304.0,0.72059095
305.0,2.7212608
306.0,0.34830374
307.0,3.8427365
308.0,3.7125845
309.0,2.7370603
310.0,3.7370791
311.0,1.9569992
312.0,3.814391
313.0,3.7198174
314.0,2.4328125
315.0,0.43587515
316.0,0.42385158
317.0,0.4644045
318.0,3.5581584
319.0,5.0085583
320.0,5.203212
321.0,2.7414284
322.0,0.12976594
323.0,4.203098
324.0,5.9009514
325.0,4.8331475
326.0,0.06081628
327.0,0.33745876
328.0,1.0770653
329.0,3.0239403
330.0,11.614992
331.0,4.268849
332.0,0.4658261
333.0,0.6353886
334.0,2.593066
335.0,1.4920332
336.0,0.012500603
337.0,2.2794602
338.0,4.82499
339.0,4.7517943
340.0,5.0258374
341.0,5.476174
342.0,2.4649646
343.0,0.23575051
344.0,3.2926276
345.0,2.3376772
346.0,1.4672061
347.0,1.217796
348.0,1.3201386
349.0,1.2971268
350.0,1.7166779
351.0,1.8201712
352.0,1.7465025
353.0,1.9148955
354.0,6.894943
355.0,16.55256
356.0,6.6423573
357.0,1.3384064
358.0,1.7966523
359.0,1.4713075
360.0,0.7063145
361.0,0.09074469
362.0,0.07720792
363.0,0.09096616
364.0,0.09955196
365.0,1.8280514
366.0,0.034044504
367.0,1.8975422
368.0,0.51181674
369.0,0.99855936
370.0,0.37220353
371.0,3.3845756
372.0,3.1584208
373.0,2.3410552
374.0,2.4954207
375.0,2.0601337
376.0,5.8160925
377.0,6.652848
378.0,7.7788563
379.0,5.6254005
380.0,0.0863498
381.0,0.07545947
382.0,3.3189516
383.0,0.8440931
384.0,0.71530527
385.0,0.9161977
386.0,1.8219
387.0,2.664381
388.0,4.6787558
389.0,5.048874
390.0,4.8332405
391.0,4.697501
392.0,4.633881
393.0,4.548276
394.0,0.68221265
395.0,0.5012372
396.0,0.00407709
397.0,0.0010593251
398.0,2.6051953
399.0,0.41948357
400.0,0.2767837
401.0,0.03828545
402.0,0.030010795
403.0,0.14048503
404.0,0.00979787
405.0,4.6046915
406.0,13.063677
407.0,2.71048
408.0,4.483511
409.0,6.155831
410.0,3.856726
411.0,3.4624023
412.0,4.352913
413.0,3.7444944
414.0,4.1928935
415.0,4.812982
416.0,4.457608
417.0,3.4376955
418.0,0.24121062
419.0,0.2403549
420.0,0.33168563
421.0,0.28204575
422.0,0.21813503
423.0,0.15160069
424.0,3.8019004
425.0,5.541651
426.0,2.9254067
427.0,6.876654
428.0,3.7914057
429.0,3.4350827
430.0,3.9622533
431.0,3.4581406
432.0,3.4322686
433.0,5.449427
434.0,1.1275784
435.0,9.118963
436.0,13.881188
437.0,13.223324
438.0,3.331419
439.0,0.5877561
440.0,0.6296645
441.0,0.6221454
442.0,0.28571635
443.0,4.3395343
444.0,7.1180515
445.0,1.9639403
446.0,2.7272906
447.0,2.4627104
448.0,3.7789054
449.0,0.059420038
450.0,0.07966776
451.0,0.13537127
452.0,0.089594185
453.0,2.4449189
454.0,2.0562701
455.0,4.8813176
456.0,4.6143727
457.0,4.29352
458.0,3.116759
459.0,3.8773165
460.0,6.227066
461.0,2.2621698
462.0,4.503593
463.0,3.2572472
464.0,3.3428853
465.0,3.0572767
466.0,3.1001928
467.0,3.049211
468.0,2.98253
469.0,7.7543893
470.0,11.60265
471.0,7.5018406
472.0,6.3351126
473.0,1.2745111
474.0,6.610008
475.0,4.5881224
476.0,7.952448
477.0,8.789764
478.0,10.257592
479.0,10.2146635
480.0,9.162792
481.0,8.336508
482.0,7.612731
483.0,6.483287
484.0,0.045911934
485.0,0.0036686603
486.0,0.505291
487.0,5.8430758
488.0,2.1094692
489.0,0.5853225
490.0,0.9559723
491.0,6.2071815
492.0,6.7193384
493.0,6.9701405
494.0,5.900463
495.0,5.473872
496.0,8.001388
497.0,5.43626
498.0,5.7492833
499.0,5.496545
500.0,3.8023136
501.0,5.020917
502.0,5.087571
503.0,0.010878606
504.0,0.017296862
505.0,0.0036324388
506.0,0.0037923255
507.0,0.00035207698
508.0,3.7868366
509.0,0.01206166
510.0,1.1573231
511.0,3.2778149
512.0,3.4020576
513.0,3.4949634
514.0,3.2947228
515.0,4.622513
516.0,7.062061
517.0,3.6426008
518.0,4.4374084
519.0,8.309556
520.0,4.9416575
521.0,6.6165643
522.0,6.168302
523.0,5.2332153
524.0,2.997238
525.0,4.7998867
526.0,3.254563
527.0,22.619549
528.0,3.9586415
529.0,2.0374079
530.0,1.6646216
531.0,0.5506015
532.0,0.32747215
533.0,1.0008463
534.0,0.98690623
535.0,1.7540437
536.0,4.421393
537.0,1.7808881
538.0,0.3434947
539.0,0.19575237
540.0,0.4030452
541.0,1.2288595
542.0,4.2611103
543.0,3.8999312
544.0,2.853496
545.0,0.02401977
546.0,0.0066029434
547.0,4.8952165
548.0,7.830088
549.0,7.089023
550.0,7.236756
551.0,4.773267
552.0,2.7731748
553.0,2.1161458
554.0,2.416946
555.0,1.9985263
556.0,2.3628378
557.0,3.2289085
558.0,2.7758284
559.0,1.3761086
560.0,0.2619927
561.0,3.3856523
562.0,3.2577891
563.0,2.1394603
564.0,2.7872038
565.0,2.685719
566.0,1.3846186
567.0,4.919054
568.0,7.3689575
569.0,6.600689
570.0,4.616939
571.0,3.595666
572.0,3.7899938
573.0,4.039218
574.0,0.011282857
575.0,0.0078081535
576.0,4.684029
577.0,0.3460353
578.0,0.37581146
579.0,6.9177194
580.0,5.1899605
581.0,4.4391136
582.0,6.0806637
583.0,3.6114063
584.0,0.124386646
585.0,0.6757085
586.0,1.0179883
587.0,1.9568048
588.0,1.1244501
589.0,0.058735184
590.0,0.24116239
591.0,3.0891266
592.0,8.6955185
593.0,5.469299
594.0,3.3344064
595.0,2.3391879
596.0,1.2022797
597.0,1.1703032
598.0,2.9060347
599.0,2.6576126
600.0,1.4024254
601.0,1.5997479
602.0,5.6721654
603.0,0.012772327
604.0,1.6253188
605.0,1.6499673
606.0,0.075048946
607.0,2.2376482
608.0,5.101281
609.0,5.0219684
610.0,2.2467554
611.0,5.42999
612.0,8.777086
613.0,5.0865445
614.0,2.3335555
615.0,2.4011354
616.0,2.314899
617.0,0.21627931
618.0,0.21671852
619.0,2.0367613
620.0,0.56742746
621.0,2.8861432
622.0,4.4891286
623.0,0.048118994
624.0,0.06542286
625.0,0.030689847
626.0,8.55376
627.0,0.012945224
628.0,5.5014167
629.0,0.8248646
630.0,0.050967135
631.0,0.016781826
632.0,0.329534
633.0,0.56851774
634.0,5.220724
635.0,0.19120294
636.0,0.12817419
637.0,0.22286406
638.0,0.24023573
639.0,0.21584068
640.0,0.16592723
641.0,0.18314281
642.0,0.17614898
643.0,3.1757631
644.0,3.4233148
645.0,2.8403182
646.0,2.7758996
647.0,2.4894412
648.0,3.3265307
649.0,3.9733453
650.0,0.18858795
651.0,0.2319502
652.0,0.26494598
653.0,2.126054
654.0,1.1256956
655.0,2.1282456
656.0,1.8412263
657.0,2.11574
658.0,1.6336827
659.0,0.42654425
660.0,0.13154553
661.0,1.5151874
662.0,2.3858204
663.0,3.3938906
664.0,0.022299899
665.0,2.5165367
666.0,1.648155
667.0,2.3326714
668.0,2.5635908
669.0,1.8376836
670.0,3.6120212
671.0,3.9946144
672.0,3.5996706
673.0,3.1984954
674.0,0.03778435
675.0,2.4401531
676.0,4.712271
677.0,5.4443345
678.0,3.803217
679.0,2.9438255
680.0,2.8209136
681.0,4.4941206
682.0,6.4350944
683.0,4.652008
684.0,0.13231434
685.0,1.0939143
686.0,4.9239936
687.0,5.8081374
688.0,5.0509386
689.0,4.372385
690.0,5.685991
691.0,3.4419444
692.0,6.211209
693.0,10.669696
694.0,3.1784468
695.0,2.2434034
696.0,8.655232
697.0,3.743116
698.0,2.8864765
699.0,9.573126
700.0,4.361035
701.0,1.9999851
702.0,5.246438
703.0,4.741148
704.0,4.25927
705.0,2.1099875
706.0,5.3872724
707.0,2.129595e-05
708.0,0.19500296
709.0,0.49510947
710.0,0.7317763
711.0,1.5012215
712.0,1.5481358
713.0,1.4809519
714.0,1.7861629
715.0,1.6820307
716.0,1.538675
717.0,1.182067
718.0,0.95102966
719.0,2.701828
720.0,2.5975533
721.0,0.39051694
722.0,1.638493
723.0,1.5798241
724.0,0.9328221
725.0,0.83822215
726.0,2.1738727
727.0,1.9320499
728.0,1.3293847
729.0,4.532377
730.0,12.460797
731.0,12.068919
732.0,8.056711
733.0,7.5534945
734.0,6.0732226
735.0,7.4777336
736.0,6.1590776
737.0,4.255998
738.0,6.543041
739.0,5.299929
740.0,7.2359424
741.0,1.5896219
742.0,2.4092813
743.0,22.766888
744.0,4.1411796
745.0,16.113153
746.0,0.0063557876
747.0,4.3203425
748.0,14.777185
749.0,6.436268
750.0,6.050825
751.0,5.0439854
752.0,17.618277
753.0,0.68850935
754.0,0.48886198
755.0,0.6736541
756.0,0.084718704
757.0,0.33122104
758.0,0.67988354
759.0,0.4466031
760.0,2.3449016
761.0,4.344078
762.0,3.9893293
763.0,21.153708
764.0,8.098734
765.0,0.06573413
766.0,0.011160787
767.0,4.9176207
768.0,0.61744505
769.0,3.510666
770.0,2.724129
771.0,4.143525
772.0,4.2269387
773.0,5.5404444
774.0,4.467241
775.0,1.1335561
776.0,1.1147811
777.0,2.8920264
778.0,4.088091
779.0,3.9879558
780.0,3.4272768
781.0,3.119106
782.0,3.2693546
783.0,3.7913675
784.0,3.2468522
785.0,2.6515062
786.0,5.383887
787.0,6.3185496
788.0,4.6011796
789.0,2.7897172
790.0,1.5056798
791.0,1.4396063
792.0,2.3736782
793.0,4.0102334
794.0,3.4940786
795.0,2.6665509
796.0,16.063402
797.0,16.592508
798.0,1.5023804
799.0,0.3929662
800.0,0.42883515
801.0,3.5256515
802.0,5.324796
803.0,4.834449
804.0,3.2289581
805.0,1.6617483
806.0,0.14886184
807.0,0.8889437
808.0,1.691294
809.0,5.997762
810.0,3.617737
811.0,1.6773605
812.0,0.9613033
813.0,0.9536752
814.0,0.348166
815.0,0.9112253
816.0,0.3332518
817.0,7.625528
818.0,1.7792081
819.0,1.8789351
820.0,1.7306613
821.0,1.9114742
822.0,3.2530644
823.0,6.7177043
824.0,3.8486636
825.0,2.5113564
826.0,4.3655777
827.0,4.988498
828.0,7.560087
829.0,6.105392
830.0,1.8428358
831.0,0.24882194
832.0,1.9836195
833.0,3.0192783
834.0,6.27238
835.0,6.235165
836.0,3.034722
837.0,0.2937685
838.0,0.55899817
839.0,1.0323032
840.0,1.0327432
841.0,1.0225717
842.0,0.9145614
843.0,0.1762316
844.0,0.31797683
845.0,0.34783825
846.0,0.64109164
847.0,0.18119772
848.0,0.862175
849.0,6.9484916
850.0,7.416583
851.0,1.1633931
852.0,2.8790913
853.0,4.8197665
854.0,2.1275802
855.0,0.15775116
856.0,0.34412262
857.0,1.1539872
858.0,0.2208035
859.0,0.2784314
860.0,1.9159577
861.0,4.2144556
862.0,4.5094304
863.0,4.5492735
864.0,4.5375986
865.0,0.024981463
866.0,0.019669479
867.0,0.022485431
868.0,0.011343992
869.0,6.2112346
870.0,6.927757
871.0,5.645107
872.0,0.7563354
873.0,0.14227624
874.0,0.16852115
875.0,0.040718466
876.0,0.4725934
877.0,1.2606587
878.0,5.1681423
879.0,6.1521826
880.0,6.497642
881.0,7.042764
882.0,6.851178
883.0,4.9374695
884.0,1.2376761
885.0,1.5821738
886.0,0.41180524
887.0,0.35670933
888.0,0.36883882
889.0,0.19418047
890.0,0.043983515
891.0,0.023170333
892.0,0.7072982
893.0,1.9562968
894.0,1.0518314
895.0,0.67342234
896.0,0.5045372
897.0,0.27248994
898.0,1.7335721
899.0,3.1259677
900.0,2.941893
901.0,2.848713
902.0,2.7416306
903.0,1.231185
904.0,0.7479586
905.0,3.4094746
906.0,4.1125755
907.0,2.2536113
908.0,2.0966225
909.0,2.3121054
910.0,1.4831601
911.0,4.1749406
912.0,4.493899
913.0,2.9609601
914.0,2.9330757
915.0,3.7199569
916.0,5.776154
917.0,5.6388454
918.0,3.4324327
919.0,6.851011
920.0,5.3001084
921.0,2.0375798
922.0,0.34154758
923.0,0.69543743
924.0,1.8598937
925.0,1.8539467
926.0,1.8071346
927.0,1.7929558
928.0,1.8831742
929.0,1.0463275
930.0,0.44283348
931.0,1.7293289
932.0,3.4631486
933.0,7.5331874
934.0,3.3753834
935.0,1.7727393
936.0,2.476484
937.0,0.13886552
938.0,0.070541054
939.0,0.09318874
940.0,0.064640805
941.0,0.08692948
942.0,0.6954544
943.0,0.76016873
944.0,2.0160382
945.0,1.7356762
946.0,1.5810072
947.0,1.5199708
948.0,1.0087831
949.0,1.2232271
950.0,4.1759996
951.0,7.608731
952.0,3.4720943
953.0,0.4539894
954.0,0.26704475
955.0,2.6005394
956.0,4.6111884
957.0,3.8747585
958.0,6.609325
959.0,5.94943
960.0,2.9783292
961.0,0.08108362
962.0,1.0619367
963.0,2.2186453
964.0,2.4034505
965.0,1.689403
966.0,0.6609819
967.0,1.4631628
968.0,1.2315482
969.0,2.8798192
970.0,3.2750027
971.0,3.065439
972.0,3.5795424
973.0,2.902799
974.0,2.988152
975.0,2.323331
976.0,1.9806947
977.0,1.2493476
978.0,3.6777046
979.0,3.454263
980.0,2.0623262
981.0,2.2856164
982.0,3.3301885
983.0,3.1080296
984.0,2.5234673
985.0,1.9139992
986.0,1.8228005
987.0,0.70421857
988.0,2.3458712
989.0,0.007263362
990.0,0.002289195
991.0,4.3445215
992.0,1.7831342
993.0,0.898139
994.0,4.255521
995.0,0.018317508
996.0,0.021800378
997.0,0.0022021232
998.0,4.0599666
999.0,2.299566
1000.0,0.5574544
1001.0,0.8906142
1002.0,1.019127
1003.0,6.8283415
1004.0,0.021724401
1005.0,9.495996
1006.0,6.3020015
1007.0,1.0389764
1008.0,1.1955378
1009.0,1.0809115
1010.0,0.8868685
1011.0,0.60812724
1012.0,11.745048
1013.0,1.9035633
1014.0,3.7228808
1015.0,7.230592
1016.0,3.8845382
1017.0,3.8129644
1018.0,4.841194
1019.0,3.7417848
1020.0,3.698263
1021.0,4.916525
1022.0,4.476268
1023.0,8.199206
1024.0,23.349297
1025.0,1.373526
1026.0,0.0035950688
1027.0,8.12053
1028.0,0.9871609
1029.0,1.4108853
1030.0,1.5226839
1031.0,2.729782
1032.0,3.206234
1033.0,2.7480407
1034.0,3.483191
1035.0,1.562901
1036.0,0.30415466
1037.0,0.5770085
1038.0,1.535216
1039.0,2.158207
1040.0,1.6808637
1041.0,4.418667
1042.0,7.6353045
1043.0,5.3082314
1044.0,2.8964942
1045.0,4.7529945
1046.0,5.8724413
1047.0,4.7505865
1048.0,2.8226209
1049.0,0.59781736
1050.0,1.8090101
1051.0,1.4803658
1052.0,2.3353457
1053.0,7.527525
1054.0,8.828227
1055.0,6.0288434
1056.0,2.2399492
1057.0,0.00045582178
1058.0,3.742813
1059.0,1.022781
1060.0,8.013786
1061.0,0.055601504
1062.0,0.04384899
1063.0,0.036451906
1064.0,0.96186644
1065.0,0.8928689
1066.0,4.406124
1067.0,1.4831052
1068.0,1.897202
1069.0,0.03560681
1070.0,0.5930153
1071.0,0.41707996
1072.0,0.037094653
1073.0,9.072049
1074.0,5.5054054
1075.0,2.9371727
1076.0,2.9228358
1077.0,1.71317
1078.0,0.20665593
1079.0,0.42110753
1080.0,3.8614972
1081.0,0.5737378
1082.0,0.68737805
1083.0,3.8357592
1084.0,0.1158413
1085.0,0.10542973
1086.0,1.3348016
1087.0,0.08670755
1088.0,0.1024984
1089.0,6.002928
1090.0,2.304131
1091.0,10.373649
1092.0,4.7610426
1093.0,1.9014739
1094.0,3.306189
1095.0,0.22368954
1096.0,0.27252892
1097.0,0.39229453
1098.0,1.798049
1099.0,0.4654951
1100.0,0.35297176
1101.0,3.2559915
1102.0,3.9614723
1103.0,0.35583258
1104.0,0.37832585
1105.0,0.85289294
1106.0,4.5276656
1107.0,1.0441611
1108.0,2.0260217
1109.0,1.7227379
1110.0,5.6151404
1111.0,0.6899791
1112.0,0.44691476
1113.0,0.007043354
1114.0,4.952758
1115.0,0.0234432
1116.0,0.028414147
1117.0,0.033325262
1118.0,0.10136902
1119.0,2.7614143
1120.0,0.15895683
1121.0,2.593535
1122.0,2.865221
1123.0,1.6544313
1124.0,1.6490651
1125.0,1.5708191
1126.0,1.611004
1127.0,1.5773313
1128.0,1.543233
1129.0,1.5221816
1130.0,1.5146896
1131.0,1.5533103
1132.0,1.5266072
1133.0,1.5229508
1134.0,3.960965
1135.0,4.751247
1136.0,0.03789175
1137.0,0.32376736
1138.0,0.14451967
1139.0,0.03834323
1140.0,0.15821312
1141.0,3.114313
1142.0,1.843629
1143.0,1.7988214
1144.0,1.7752783
1145.0,1.8197651
1146.0,1.9055059
1147.0,1.9830844
1148.0,2.0133748
1149.0,2.0677588
1150.0,2.1086156
1151.0,2.2809405
1152.0,2.699781
1153.0,3.249235
1154.0,3.699695
1155.0,4.49667
1156.0,5.228221
1157.0,1.2562927
1158.0,6.2765775
1159.0,0.91357577
1160.0,1.0220945
1161.0,0.73606485
1162.0,1.2008123
1163.0,0.8955356
1164.0,0.9534369
1165.0,3.827181
1166.0,0.020394338
1167.0,0.016249662
1168.0,2.0168507
1169.0,6.186082
1170.0,9.2533865
1171.0,0.3199811
1172.0,0.4431531
1173.0,0.0027989142
1174.0,0.0013599431
1175.0,6.7224526
1176.0,0.030989204
1177.0,0.015437223
1178.0,0.9141663
1179.0,8.284574
1180.0,6.0184608
1181.0,5.973191
1182.0,2.328046
1183.0,0.9367232
1184.0,3.2391343
1185.0,1.9867563
1186.0,3.5706809
1187.0,2.1653023
1188.0,1.8246636
1189.0,0.80348194
1190.0,1.1381655
1191.0,2.9931
1192.0,0.024747519
1193.0,0.38519168
1194.0,0.39688236
1195.0,1.2261376
1196.0,6.5083303
1197.0,2.3660924
1198.0,3.3593185
1199.0,4.5832934
1200.0,0.0043328865
1201.0,0.001370244
1202.0,0.4125953
1203.0,4.7745442
1204.0,6.6219563
1205.0,6.1998224
1206.0,7.208398
1207.0,4.3736596
1208.0,2.1609225
1209.0,2.232285
1210.0,2.2062287
1211.0,2.1839876
1212.0,1.705748
1213.0,17.177174
1214.0,0.21496554
1215.0,0.17372747
1216.0,0.14108005
1217.0,18.17071
1218.0,6.616161
1219.0,6.727499
1220.0,6.724456
1221.0,6.6844087
1222.0,6.6179037
1223.0,6.579621
1224.0,8.269252
1225.0,0.014879032
1226.0,0.0145570645
1227.0,0.011238783
1228.0,0.0015064799
1229.0,0.015738083
1230.0,0.015663669
1231.0,5.230898
1232.0,4.48284
1233.0,0.007048949
1234.0,5.174924
1235.0,4.1223326
1236.0,0.008332165
1237.0,0.004865408
1238.0,0.005669761
1239.0,0.0027619016
1240.0,1.1102484
1241.0,10.303984
1242.0,9.240849
1243.0,48.123676
1244.0,14.8374815
1245.0,13.477597
1246.0,14.514914
1247.0,12.802994
1248.0,11.3482065
1249.0,13.320322
1250.0,12.143098
1251.0,12.716871
1252.0,13.395341
1253.0,17.485928
1254.0,13.352962
1255.0,0.5580778
1256.0,0.012094426
1257.0,0.009052784
1258.0,0.005593211
1259.0,0.004663562
1260.0,0.0038862769
1261.0,0.004176944
1262.0,0.59832525
1263.0,2.9829588
1264.0,9.357597
1265.0,0.043328445
1266.0,0.08316411
1267.0,0.38325265
1268.0,0.15377839
1269.0,0.20631546
1270.0,0.2557585
1271.0,9.480005
1272.0,4.268826
1273.0,6.329824
1274.0,0.006641102
1275.0,0.0037840053
1276.0,0.001459347
1277.0,0.37747794
1278.0,1.3941453
1279.0,0.5906378
1280.0,0.47438273
1281.0,6.68381
1282.0,0.073734805
1283.0,17.487823
1284.0,2.456653
1285.0,6.0650034
1286.0,24.870863
1287.0,0.39413413
1288.0,12.467209
1289.0,0.011526164
1290.0,26.151678
1291.0,6.7990646
1292.0,9.048551
1293.0,8.010757
1294.0,6.6974564
1295.0,6.4372263
1296.0,6.636194
1297.0,6.762054
1298.0,17.277857
1299.0,0.02605112
1300.0,0.021166999
1301.0,0.70461285
1302.0,26.766607
1303.0,20.121635
1304.0,19.338112
1305.0,20.547377
1306.0,17.115692
1307.0,11.201448
1308.0,0.4776206
1309.0,0.4455883
1310.0,7.0912404
1311.0,7.269653
1312.0,5.3918805
1313.0,4.869463
1314.0,4.8708405
1315.0,5.049467
1316.0,5.463165
1317.0,5.844781
1318.0,8.346858
1319.0,6.444541
1320.0,6.8926044
1321.0,8.956043
1322.0,10.971677
1323.0,13.137116
1324.0,11.09517
1325.0,6.9102416
1326.0,0.0050151898
1327.0,2.137584
1328.0,3.6098905
1329.0,22.184418
1330.0,21.653723
1331.0,19.476086
1332.0,1.637944
1333.0,1.4046009
1334.0,16.56825
1335.0,8.602039
1336.0,16.002842
1337.0,14.811396
1338.0,6.119226
1339.0,4.447446
1340.0,4.4552093
1341.0,4.167764
1342.0,7.006192
1343.0,1.8476998
1344.0,1.9828919
1345.0,7.083638
1346.0,3.578641
1347.0,7.07368
1348.0,9.499036
1349.0,7.401375
1350.0,14.434045
1351.0,10.077185
1352.0,12.344073
1353.0,33.333523
1354.0,28.99651
1355.0,3.4381447
1356.0,10.284357
1357.0,3.4030387
1358.0,7.3395276
1359.0,4.742094
1360.0,3.2690976
1361.0,0.920776
1362.0,1.1581287
1363.0,14.13165
1364.0,11.682176
1365.0,19.002516
1366.0,10.527095
1367.0,3.2228622
1368.0,5.7926435
1369.0,7.256703
1370.0,12.467787
1371.0,33.502934
1372.0,4.1537967
1373.0,4.8611484
1374.0,7.583939
1375.0,6.40273
1376.0,7.122068
1377.0,8.277447
1378.0,6.9095817
1379.0,5.8456907
1380.0,5.5238304
1381.0,3.6553802
1382.0,10.561446
1383.0,3.6653826
1384.0,6.1258235
1385.0,2.017914
1386.0,2.202464
1387.0,2.1004305
1388.0,7.7425737
1389.0,10.5409355
1390.0,8.0887375
1391.0,7.686542
1392.0,7.2930355
1393.0,8.829739
1394.0,4.8076015
1395.0,9.518077
1396.0,10.335482
1397.0,10.660219
1398.0,7.1497164
1399.0,11.17314
1400.0,13.365162
1401.0,9.845255
1402.0,11.15509
1403.0,6.767774
1404.0,13.367412
1405.0,9.523056
1406.0,3.8400857
1407.0,5.5076566
1408.0,8.029252
1409.0,12.210219
1410.0,15.449113
1411.0,15.130522
1412.0,14.185523
1413.0,5.341471e-05
1414.0,5.364709
1415.0,14.882714
1416.0,4.4034514
1417.0,3.7871833
1418.0,3.6575618
